name,departament,job title,email
Zachary Bowman,C_Level,CEO,jasonsmith@miller.net
Hayley Allen MD,Engineering,Marketing Specialist,timothyortiz@moore.com
Margaret Kane,Finance,Financial Analyst,juliemay@white-hamilton.biz
Jodi Jackson,Customer Support,Sales Representative,smithsharon@gmail.com
Kathy Rice MD,Engineering,Product Manager,lswanson@coleman.biz
Marie King,Marketing,HR Manager,wtaylor@hotmail.com
Jessica Cross,Marketing,Financial Analyst,clee@hotmail.com
David Perez,Engineering,HR Manager,rita14@gmail.com
Jack Jones,Finance,Financial Analyst,nancy94@gmail.com
Ryan Anthony,Sales,Product Manager,ubaker@gmail.com
Amy Webb,Marketing,Financial Analyst,littlebenjamin@logan.org
Thomas Espinoza,Engineering,HR Manager,barrerasamantha@shaw-waller.com
Jason Hawkins,Finance,Customer Specialist,parker09@hotmail.com
Stacy Hunter,Marketing,HR Manager,charlessantiago@valdez.com
Pamela Diaz,Customer Support,HR Manager,josephwyatt@yahoo.com
Alexis Roberson,Product Management,Marketing Specialist,richardgriffith@yahoo.com
Eric Williams,Customer Support,Customer Specialist,bprince@henry-mcgee.biz
Sarah Haynes,Marketing,Financial Analyst,nware@gmail.com
Jennifer Wilson,Sales,Financial Analyst,garciakristina@yahoo.com
Andrea Gomez,Customer Support,Product Manager,masongomez@taylor.com
Heather Wong,Engineering,HR Manager,candiceday@chavez-wilson.com
Nicole Richardson,Engineering,Customer Specialist,joel28@gmail.com
Ashley Hendrix,Finance,Sales Representative,tfreeman@hotmail.com
Susan Hoffman,Product Management,Customer Specialist,amyacevedo@yahoo.com
Megan Williams,Customer Support,Product Manager,aporter@hotmail.com
John Moreno,Engineering,Financial Analyst,alexanderjulia@stevens.com
Dalton Donaldson,Sales,Financial Analyst,hannah97@tucker.net
Joseph Craig,Engineering,HR Manager,johncarter@yahoo.com
Caroline Parks,Marketing,Product Manager,thompsonrebecca@hudson.biz
Alicia Clark,Marketing,Marketing Specialist,amanda55@lozano.com
Andrew Miller,Finance,Marketing Specialist,fharmon@gmail.com
Corey Ellis,Sales,Customer Specialist,coreyjones@chandler.com
Kelly Romero,Sales,HR Manager,williamswilliam@walker-kim.com
Daisy Lee,Finance,Engineer,psanchez@hotmail.com
Adrian Leblanc,Sales,Product Manager,wilsontodd@mason.com
Vanessa Pugh,Marketing,HR Manager,svasquez@hotmail.com
Edward Brown,Sales,Product Manager,daviskatherine@yahoo.com
Barbara Williamson,Finance,Financial Analyst,vwaller@gmail.com
Sherri Gomez,Human Resources,Marketing Specialist,evanssheena@perry.com
Kelly Long,Sales,Marketing Specialist,vsweeney@green-wallace.com
Justin Ponce,Product Management,Customer Specialist,pricesarah@jackson-franco.biz
Ronnie Lynch,Engineering,Product Manager,aguilarvincent@hotmail.com
Jeffrey Adams,Marketing,Marketing Specialist,johnsontasha@yahoo.com
Nicole Mcfarland,Marketing,Product Manager,benjamin81@hotmail.com
Kayla Long,Customer Support,Marketing Specialist,lauren37@torres.net
Kyle Rodriguez,Sales,Marketing Specialist,ediaz@gmail.com
Amy Bailey,Sales,Financial Analyst,patriciaanderson@perry-martin.com
Jesse Fox,Engineering,Engineer,geoffrey22@harris.org
Christina Smith,Customer Support,Product Manager,johnny15@hotmail.com
Amy Miller,Engineering,HR Manager,bhall@holt.net
Maria Jacobs,Finance,Marketing Specialist,armstrongrichard@hays-bryant.net
Lindsey Elliott DVM,Customer Support,Customer Specialist,james01@james.com
Heather Boyd,Customer Support,Customer Specialist,kenneth61@hotmail.com
Tina Bruce,Product Management,Customer Specialist,spearstracy@gilbert.com
Christopher Stevens,Customer Support,Engineer,dwarner@yahoo.com
Deborah Beard,Human Resources,Customer Specialist,samanthaalvarez@gmail.com
Cody Bailey,Product Management,HR Manager,margareterickson@hotmail.com
Jonathan Ford,Product Management,Marketing Specialist,knguyen@yahoo.com
Oscar Flynn,Sales,HR Manager,nreed@yahoo.com
Aaron Garcia,Finance,Product Manager,berrydaniel@gmail.com
Jennifer Williams,Marketing,Customer Specialist,sethramos@shepard.com
Holly Ponce,Sales,Product Manager,tbyrd@yahoo.com
Beth Kaufman,Customer Support,Sales Representative,johnmcdonald@yahoo.com
Christopher Joseph,Engineering,Product Manager,fclark@hotmail.com
Timothy Walker,Sales,Engineer,richard56@johnson.com
Roy Johnson MD,Sales,Engineer,danaking@yahoo.com
Rebecca Walsh,Sales,Sales Representative,smithfaith@west.com
Jamie Santos,Finance,Customer Specialist,cindyarmstrong@hotmail.com
Jesse Blake,Marketing,Engineer,kwatts@tate.com
Keith White,Sales,Marketing Specialist,scott05@hotmail.com
Angel Cochran,Finance,Product Manager,karen16@baker.org
Melissa Ramirez,Product Management,Sales Representative,jenniferjennings@mann.org
Kimberly Patel,Product Management,Sales Representative,robertsjonathan@sanchez-sims.com
Joshua Allen,Customer Support,HR Manager,brandonjimenez@mclaughlin.net
Mr. Matthew Taylor PhD,Human Resources,Marketing Specialist,aguilarjoel@hotmail.com
Lisa Martinez,Marketing,Sales Representative,richard53@yahoo.com
Courtney Shields,Product Management,Marketing Specialist,andersonnicholas@webb.com
Jeffery Martin,Human Resources,Customer Specialist,ssmith@miller.com
Brooke Hurley,Engineering,Product Manager,jacobmolina@snyder.net
Eric Lopez,Customer Support,Sales Representative,rachelduffy@yahoo.com
Stacey Frank,Marketing,HR Manager,cynthiaharrison@cook.com
John Griffin,Engineering,Product Manager,dynthiaharrison@cook.com
Allen Santos,Product Management,Customer Specialist,vkeller@yahoo.com
Amber Cooke,Customer Support,Sales Representative,james66@yahoo.com
Chelsea Lee,Sales,Financial Analyst,maustin@yahoo.com
John Allen,Human Resources,Product Manager,patriciayoung@yahoo.com
Timothy Pollard,Human Resources,HR Manager,brightsarah@graham.biz
Maria Mullen,Sales,Financial Analyst,stephanie65@yahoo.com
Kathy Lopez,Product Management,HR Manager,bnguyen@hotmail.com
Dawn Brown,Product Management,Engineer,acook@hotmail.com
Barbara Bonilla,Product Management,HR Manager,david89@blankenship.org
Doris Padilla,Engineering,Customer Specialist,kimberlylong@gmail.com
Brent Young,Customer Support,Financial Analyst,kimberlysimmons@yahoo.com
Timothy Cain,Marketing,HR Manager,bmitchell@gmail.com
Allison Lucas,Sales,Engineer,michelle86@gmail.com
Juan Allen,Marketing,Marketing Specialist,kellerjames@graham-gonzalez.com
Michael Salazar,Product Management,Marketing Specialist,htaylor@hotmail.com
Peter Campbell,Sales,Marketing Specialist,oho@gmail.com
Melissa Villa,Engineering,HR Manager,dsimmons@gmail.com
Michael Chavez,Product Management,Product Manager,qphillips@gilmore-bailey.com
